{"attr": {"mode": {"0": {"name": "home", "color": "#4daf4a"}, "1": {"name": "work", "color": "#ffff33"}},
"profile": {"0": {"name": "home", "color": "#4daf4a"}, "1": {"name": "work", "color": "#ffff33"}}},
"trips": [,{"mode": 0,
"profile": 0,
"path": [[-71.08003798481883, 42.36498708246921],
[-71.07916468404912, 42.36437029175158],
[-71.0804054823144, 42.36371928474626],
[-71.081190674445, 42.36348510182995],
[-71.07971018488688, 42.36308624990458],
[-71.07980479099916, 42.363167568722496],
[-71.07846394350156, 42.36248301217755],
[-71.07697814438144, 42.36232564993586],
[-71.0775397267535, 42.36347690711555],
[-71.07652931511393, 42.36280727196296],
[-71.07847744725883, 42.363512950928]
],
"timestamps": [600.0,
1200.0,
1800.0,
2400.0,
3000.0,
3600.0,
4200.0,
4800.0,
5400.0,
6000.0,
6600.0
]
},{"mode": 0,
"profile": 0,
"path": [[-71.07638357713323, 42.357571638578264],
[-71.0762847849519, 42.35742756666964],
[-71.07604155192837, 42.358045149086465],
[-71.07713212584314, 42.35872662589758],
[-71.07595874697208, 42.35897192451476],
[-71.0755723920716, 42.360190164477295],
[-71.07675548520656, 42.35950677305143],
[-71.07478863651028, 42.35946158515712],
[-71.07632229560878, 42.36057930548549],
[-71.07723304498427, 42.36104588655231],
[-71.07659293223551, 42.361015741321445]
],
"timestamps": [600.0,
1200.0,
1800.0,
2400.0,
3000.0,
3600.0,
4200.0,
4800.0,
5400.0,
6000.0,
6600.0
]
},{"mode": 0,
"profile": 0,
"path": [[-71.07562481761164, 42.36150498635459],
[-71.07706258584105, 42.36037636467255],
[-71.08127462007, 42.36013609974521],
[-71.07702423549466, 42.360417605383816],
[-71.07791244558388, 42.36170737343814],
[-71.07768634916057, 42.3612683472011],
[-71.07981225544182, 42.362318925350706],
[-71.07715301416994, 42.361597662985744],
[-71.07494380144855, 42.36187333566045],
[-71.07593888141015, 42.36029793011771],
[-71.07768791776057, 42.36147834862329]
],
"timestamps": [600.0,
1200.0,
1800.0,
2400.0,
3000.0,
3600.0,
4200.0,
4800.0,
5400.0,
6000.0,
6600.0
]
},{"mode": 0,
"profile": 0,
"path": [[-71.07713085109737, 42.357892421566966],
[-71.0779020932502, 42.35841580037442],
[-71.0759189983021, 42.35937381205174],
[-71.07567735892087, 42.35992959110849],
[-71.0759029382414, 42.36222956386192],
[-71.07534897832079, 42.36128048510522],
[-71.0773911816143, 42.35982790990387],
[-71.07696132561763, 42.35813846916318],
[-71.07643356907258, 42.35919944535649],
[-71.0743601650922, 42.359917999983125],
[-71.07400520141171, 42.3591220868746]
],
"timestamps": [600.0,
1200.0,
1800.0,
2400.0,
3000.0,
3600.0,
4200.0,
4800.0,
5400.0,
6000.0,
6600.0
]
},{"mode": 0,
"profile": 0,
"path": [[-71.07799217456699, 42.35831821014686],
[-71.08066714903295, 42.359393823824604],
[-71.08076638157267, 42.361541476311835],
[-71.08499188250293, 42.362426749104905],
[-71.08392555137641, 42.36311389304125],
[-71.08509188749768, 42.36299925144917],
[-71.08496043262137, 42.36314339753792],
[-71.08525866961817, 42.36238058699369],
[-71.08384609470365, 42.36253479444247],
[-71.0824018466635, 42.3606322189881],
[-71.08104628670752, 42.36214869635798]
],
"timestamps": [600.0,
1200.0,
1800.0,
2400.0,
3000.0,
3600.0,
4200.0,
4800.0,
5400.0,
6000.0,
6600.0
]
},{"mode": 0,
"profile": 0,
"path": [[-71.08304638799285, 42.36582174719545],
[-71.0829744045226, 42.36479551826095],
[-71.08235767389549, 42.36615854131837],
[-71.08042968630649, 42.365342644014675],
[-71.0801118298076, 42.36410930505374],
[-71.08220177612334, 42.36438086206548],
[-71.07955254251276, 42.364547343923924],
[-71.08006953535292, 42.36339115985603],
[-71.08153183413229, 42.36522433977995],
[-71.08393718847623, 42.36525736912941],
[-71.08556932922122, 42.36627570643006]
],
"timestamps": [600.0,
1200.0,
1800.0,
2400.0,
3000.0,
3600.0,
4200.0,
4800.0,
5400.0,
6000.0,
6600.0
]
},{"mode": 0,
"profile": 0,
"path": [[-71.07364136088366, 42.36004965917999],
[-71.07539385965623, 42.360274309434004],
[-71.07756541171659, 42.360517199859565],
[-71.07832383182948, 42.35924695543564],
[-71.07658793737154, 42.36068598261055],
[-71.0745887221262, 42.35916874520249],
[-71.07730511483233, 42.36058262518018],
[-71.07749461227002, 42.36145209893877],
[-71.07673782726465, 42.35980836399851],
[-71.07328534597613, 42.35917347192763],
[-71.07583182328885, 42.358739973046035]
],
"timestamps": [600.0,
1200.0,
1800.0,
2400.0,
3000.0,
3600.0,
4200.0,
4800.0,
5400.0,
6000.0,
6600.0
]
},{"mode": 0,
"profile": 0,
"path": [[-71.07783475421928, 42.36089043432201],
[-71.0793396128034, 42.360926271682445],
[-71.0808044999596, 42.361947934394784],
[-71.08238349239406, 42.361182222349015],
[-71.08338306717762, 42.36132768307149],
[-71.08508112394914, 42.36233151122949],
[-71.08480093680915, 42.36086144135445],
[-71.08496595373805, 42.3603974577005],
[-71.08358482387496, 42.35919555418344],
[-71.08528095912531, 42.35775082194023],
[-71.08238507311518, 42.35760082836658]
],
"timestamps": [600.0,
1200.0,
1800.0,
2400.0,
3000.0,
3600.0,
4200.0,
4800.0,
5400.0,
6000.0,
6600.0
]
},{"mode": 0,
"profile": 0,
"path": [[-71.07571574344117, 42.36442832255662],
[-71.07770734544829, 42.36559091350674],
[-71.080139286505, 42.364297478772436],
[-71.07892842420043, 42.36390223989709],
[-71.07806333087393, 42.36481091611313],
[-71.0787822803323, 42.365447110182664],
[-71.07944755680079, 42.36589875191254],
[-71.08076684475418, 42.36566760014353],
[-71.08099762563359, 42.36486113920322],
[-71.07928478121934, 42.363826843313156],
[-71.07869912319973, 42.364091120503424]
],
"timestamps": [600.0,
1200.0,
1800.0,
2400.0,
3000.0,
3600.0,
4200.0,
4800.0,
5400.0,
6000.0,
6600.0
]
},{"mode": 0,
"profile": 0,
"path": [[-71.08072663342482, 42.35969751722684],
[-71.07981760758726, 42.35946707974376],
[-71.07865050315698, 42.36095561726977],
[-71.07984014152566, 42.361076452327566],
[-71.0789000350041, 42.360687403331305],
[-71.08092686527141, 42.362520155797625],
[-71.08094441235826, 42.36329487348106],
[-71.08154315577013, 42.36430283209049],
[-71.07714305602056, 42.366087352357006],
[-71.07820081400756, 42.36627356202278],
[-71.07724173833941, 42.36567299726036]
],
"timestamps": [600.0,
1200.0,
1800.0,
2400.0,
3000.0,
3600.0,
4200.0,
4800.0,
5400.0,
6000.0,
6600.0
]
}]}
