cycle,walking,bike,car,bus,average_speed,walk_distance,bike_distance,car_distance,bus_distance, bus_people_distance
0,0,0,0,0,1.0,0.0,0.0,0.0,0.0,0.0
100,0,0,0,0,1.0,0.0,0.0,0.0,0.0,0.0
200,0,0,0,0,1.0,0.0,0.0,0.0,0.0,0.0
300,0,0,0,0,1.0,0.0,0.0,0.0,0.0,0.0
400,0,0,0,0,1.0,0.0,0.0,0.0,0.0,0.0
500,16,10,29,1,2.284,4.116666666666662,4.083333333333336,15.666666666666677,0.03333333333333333,0.03333333333333333
600,40,26,63,3,5.16,12.700000000000042,13.000000000000023,36.66666666666665,0.09999999999999999,0.09999999999999999
700,91,33,1,25,6.776,38.74999999999993,16.416666666666703,0.6666666666666666,0.850000000000001,1.7833333333333348
